<?xml version="1.0" encoding="UTF-8" standalone="yes"?>
<!-- iCS items -->
<iCS>
	<items>
		<device>
			<item name="Control.power" readable="true" writeable="true">
				<valid>
					<datatype>BOOL</datatype>
					<min/>
					<max/>
					<enum/>
					<units/>
				</valid>
				<description_en>Switches the crate on or off</description_en>
				<description_de>Schaltet das Crate ein oder aus</description_de>
			</item>
			<item name="Control.clearAll" readable="false" writeable="true">
				<valid>
					<datatype>BOOL</datatype>
					<min/>
					<max/>
					<enum/>
					<units/>
				</valid>
				<description_en>clear all events and errors of the crate, even the module and channel errors and events of this crate</description_en>
				<description_de>Alle Crateereignisse und -fehler zurücksetzen (auch Modul-/Kanalfehler und Ereignisse des Crates)</description_de>
			</item>
			<item name="Control.clearEvents" readable="false" writeable="true">
				<valid>
					<datatype>BOOL</datatype>
					<min/>
					<max/>
					<enum/>
					<units/>
				</valid>
				<description_en>clear all events of the crate, even the module and channel events of this crate</description_en>
				<description_de>Alle Crateereignisse zurücksetzen (auch Modul- und Kanaleereignisse des Crates)</description_de>
			</item>
			<item name="Control.clearErrors" readable="false" writeable="true">
				<valid>
					<datatype>BOOL</datatype>
					<min/>
					<max/>
					<enum/>
					<units/>
				</valid>
				<description_en>clear all errors of the crate, even the module and channel errors of this crate</description_en>
				<description_de>Alle Cratefehler zurücksetzen (auch Modul- und Kanalfehler des Crates)</description_de>
			</item>
			<item name="Control.installFirmware" readable="false" writeable="true">
				<valid>
					<datatype>TEXT</datatype>
					<min/>
					<max/>
					<enum/>
					<units/>
				</valid>
				<description_en>update crate controller firmware with given filename</description_en>
				<description_de>Firmware des Crate Controllers mit übergebener Firmwaredatei updaten</description_de>
			</item>
			<item name="Status.installFirmware" readable="true" writeable="false">
				<valid>
					<datatype>TEXT</datatype>
					<min/>
					<max/>
					<enum/>
					<units/>
				</valid>
				<description_en>Returns 1 when a crate controller firmware update is running</description_en>
				<description_de>Gibt 1 zurück wenn ein Firmwareupdate des Crate Controllers ausgeführt wird</description_de>
			</item>
			<item name="Status.eventCounter" readable="true" writeable="false">
				<valid>
					<datatype>INT</datatype>
					<min>0</min>
					<max>65535</max>
					<enum/>
					<units/>
				</valid>
				<description_en>amount of events occured in the crate and its modules and corresponding channels</description_en>
				<description_de>Anzahl aufgetretener Ereignisse im Crate und deren Module und deren Kanäle</description_de>
			</item>
			<item name="Status.errorCounter" readable="true" writeable="false">
				<valid>
					<datatype>INT</datatype>
					<min>0</min>
					<max>65535</max>
					<enum/>
					<units/>
				</valid>
				<description_en>amount of errors occured in the crate and its modules and corresponding channels</description_en>
				<description_de>Anzahl aufgetretener Fehler im Crate und deren Module und deren Kanäle</description_de>
			</item>
			<item name="Status.runningState" readable="true" writeable="false">
				<valid>
					<datatype>TEXT</datatype>
					<min/>
					<max/>
					<enum>
						<value>disabled</value>
						<value>off</value>
						<value>ok</value>
						<value>info</value>
						<value>error</value>
					</enum>
					<units/>
				</valid>
				<description_en>crate status:
					<br/>error - at least one error in crate or its modules or channels
					<br/>info - at least one channel ramping
					<br/>ok - at least one channel at HV-ON
					<br/>off - all channels at HV-OFF
					<br/>disabled - crate not available
				</description_en>
				<description_de>Cratestatus:
					<br/>error - mind. 1 Fehler in einem Kanal oder Modul oder im Crate
					<br/>info - mind. 1 Kanal rampend
					<br/>ok - mind. 1 Kanal HV-ON
					<br/>off - alle Kanäle HV-OFF
					<br/>disabled - Crate nicht verfügbar
				</description_de>
			</item>
			<item name="Status.mainsGood" readable="true" writeable="false">
				<valid>
					<datatype>BOOL</datatype>
					<min/>
					<max/>
					<enum/>
					<units/>
				</valid>
				<description_en>mains voltage is in valid range</description_en>
				<description_de>die Netzspannung ist im zulässigen Bereich</description_de>
			</item>
			<item name="Event.mainsNotGood" readable="true" writeable="false">
				<valid>
					<datatype>BOOL</datatype>
					<min/>
					<max/>
					<enum/>
					<units/>
				</valid>
				<description_en>mains voltage is or was out of valid range</description_en>
				<description_de>Netzspannung war/ist nicht im zulässigen Bereich</description_de>
			</item>
			<item name="Error.mainsNotGood" readable="true" writeable="false">
				<valid>
					<datatype>BOOL</datatype>
					<min/>
					<max/>
					<enum/>
					<units/>
				</valid>
				<description_en>mains voltage is or was out of valid range</description_en>
				<description_de>Netzspannung war/ist nicht im zulässigen Bereich</description_de>
			</item>
			<item name="Status.supplyGood" readable="true" writeable="false">
				<valid>
					<datatype>BOOL</datatype>
					<min/>
					<max/>
					<enum/>
					<units/>
				</valid>
				<description_en>all supply voltages are in valid range</description_en>
				<description_de>alle Versorgungsspannungen sind im zulässigen Bereich</description_de>
			</item>
			<item name="Event.supplyNotGood" readable="true" writeable="false">
				<valid>
					<datatype>BOOL</datatype>
					<min/>
					<max/>
					<enum/>
					<units/>
				</valid>
				<description_en>at least one supply voltage is or was out of valid range</description_en>
				<description_de>mind. eine Versorgungsspannung war/ist nicht im zulässigen Bereich</description_de>
			</item>
			<item name="Error.supplyNotGood" readable="true" writeable="false">
				<valid>
					<datatype>BOOL</datatype>
					<min/>
					<max/>
					<enum/>
					<units/>
				</valid>
				<description_en>at least one supply voltage is or was out of valid range</description_en>
				<description_de>mind. Versorgungsspannung war/ist nicht im zulässigen Bereich</description_de>
			</item>
			<item name="Status.batteryGood" readable="true" writeable="false">
				<valid>
					<datatype>BOOL</datatype>
					<min/>
					<max/>
					<enum/>
					<units/>
				</valid>
				<description_en>the battery voltage is in valid range</description_en>
				<description_de>die Akkuspannung ist im zulässigen Bereich</description_de>
			</item>
			<item name="Event.batteryNotGood" readable="true" writeable="false">
				<valid>
					<datatype>BOOL</datatype>
					<min/>
					<max/>
					<enum/>
					<units/>
				</valid>
				<description_en>the battery voltage is or was out of valid range</description_en>
				<description_de>die Akkuspannung war/ist nicht im zulässigen Bereich</description_de>
			</item>
			<item name="Error.batteryNotGood" readable="true" writeable="false">
				<valid>
					<datatype>BOOL</datatype>
					<min/>
					<max/>
					<enum/>
					<units/>
				</valid>
				<description_en>the battery voltage is or was out of valid range</description_en>
				<description_de>die Akkuspannung war/ist nicht im zulässigen Bereich</description_de>
			</item>
			<item name="Status.power" readable="true" writeable="false">
				<valid>
					<datatype>BOOL</datatype>
					<min/>
					<max/>
					<enum/>
					<units/>
				</valid>
				<description_en>the crate is switched on (no standby)</description_en>
				<description_de>das Crate ist eingeschaltet (kein Stand By)</description_de>
			</item>
			<item name="Status.on" readable="true" writeable="false">
				<valid>
					<datatype>BOOL</datatype>
					<min/>
					<max/>
					<enum/>
					<units/>
				</valid>
				<description_en>at least one channel is active or has measured voltage above 63 Volts</description_en>
				<description_de>mindestens ein Kanal ist eingeschaltet oder hat eine Messspannung über 63 V</description_de>
			</item>
			<item name="Status.isAlive" readable="true" writeable="false">
				<valid>
					<datatype>BOOL</datatype>
					<min/>
					<max/>
					<enum/>
					<units/>
				</valid>
				<description_en>the crate is alive (in standby or powered on)</description_en>
				<description_de>das Crate ist betriebsbereit (in Stand By oder eingeschaltet)</description_de>
			</item>
			<item name="Status.temperature0" readable="true" writeable="false">
				<valid>
					<datatype>FLOAT</datatype>
					<min/>
					<max/>
					<enum/>
					<units>
						<unit factor="1">°C</unit>
					</units>
				</valid>
				<description_en>measured temperature in celsius degree</description_en>
				<description_de>gemessene Temperatur in Grad Celsius</description_de>
			</item>
			<item name="Status.temperature1" readable="true" writeable="false">
				<valid>
					<datatype>FLOAT</datatype>
					<min/>
					<max/>
					<enum/>
					<units>
						<unit factor="1">°C</unit>
					</units>
				</valid>
				<description_en>measured temperature in celsius degree</description_en>
				<description_de>gemessene Temperatur in Grad Celsius</description_de>
			</item>
			<item name="Status.temperatureGood" readable="true" writeable="false">
				<valid>
					<datatype>BOOL</datatype>
					<min/>
					<max/>
					<enum/>
					<units/>
				</valid>
				<description_en>crate temperature is in valid range</description_en>
				<description_de>Temperatur des Crate-Controllers ist im zulässigen Bereich</description_de>
			</item>
			<item name="Event.temperatureNotGood" readable="true" writeable="false">
				<valid>
					<datatype>BOOL</datatype>
					<min/>
					<max/>
					<enum/>
					<units/>
				</valid>
				<description_en>crate temperature has been or is out of valid range</description_en>
				<description_de>Temperatur des Crate-Controllers war/ist außerhalb des zulässigen Bereichs</description_de>
			</item>
			<item name="Error.temperatureNotGood" readable="true" writeable="false">
				<valid>
					<datatype>BOOL</datatype>
					<min/>
					<max/>
					<enum/>
					<units/>
				</valid>
				<description_en>crate temperature has been or is out of valid range</description_en>
				<description_de>Temperatur  des Crate-Controllers war/ist außerhalb des zulässigen Bereichs</description_de>
			</item>
			<item name="Event.inputError" readable="true" writeable="false">
				<valid>
					<datatype>BOOL</datatype>
					<min/>
					<max/>
					<enum/>
					<units/>
				</valid>
				<description_en>invalid value given</description_en>
				<description_de>ungültiger Eingabewert</description_de>
			</item>
			<item name="Status.firmwareName" readable="true" writeable="false">
				<valid>
					<datatype>TEXT</datatype>
					<min/>
					<max/>
					<enum/>
					<units/>
				</valid>
				<description_en>name of firmware</description_en>
				<description_de>Firmwarename</description_de>
			</item>
			<item name="Status.firmwareRelease" readable="true" writeable="false">
				<valid>
					<datatype>TEXT</datatype>
					<min/>
					<max/>
					<enum/>
					<units/>
				</valid>
				<description_en>firmware version</description_en>
				<description_de>Firmware-Versionsnummer</description_de>
			</item>
		</device>
		<module>
			<item name="Control.clearAll" readable="false" writeable="true">
				<valid>
					<datatype>BOOL</datatype>
					<min/>
					<max/>
					<enum/>
					<units/>
				</valid>
				<description_en>clear all events and errors of the module, even the channel errors and channel events of the module</description_en>
				<description_de>Alle Modulereignisse und Modulfehler zurücksetzen (auch Kanalfehler und Kanalereignisse)</description_de>
			</item>
			<item name="Control.clearEvents" readable="false" writeable="true">
				<valid>
					<datatype>BOOL</datatype>
					<min/>
					<max/>
					<enum/>
					<units/>
				</valid>
				<description_en>clear all events of the module, even the channel events of this module</description_en>
				<description_de>Alle Modulereignisse zurücksetzen (auch Kanalereignisse)</description_de>
			</item>
			<item name="Control.clearErrors" readable="false" writeable="true">
				<valid>
					<datatype>BOOL</datatype>
					<min/>
					<max/>
					<enum/>
					<units/>
				</valid>
				<description_en>clear all errors of the module, even the channel errors of this module</description_en>
				<description_de>Alle Modulfehler zurücksetzen (auch Kanalfehler)</description_de>
			</item>
			<item name="Control.installFirmware" readable="false" writeable="true">
				<valid>
					<datatype>TEXT</datatype>
					<min/>
					<max/>
					<enum/>
					<units/>
				</valid>
				<description_en>update module firmware with given filename</description_en>
				<description_de>Firmware des Moduls mit übergebener Firmwaredatei updaten</description_de>
			</item>
			<item name="Status.installFirmware" readable="true" writeable="false">
				<valid>
					<datatype>TEXT</datatype>
					<min/>
					<max/>
					<enum/>
					<units/>
				</valid>
				<description_en>Returns 1 when a module firmware update is running</description_en>
				<description_de>Gibt 1 zurück wenn ein Firmwareupdate des Moduls ausgeführt wird</description_de>
			</item>
			<item name="Status.eventCounter" readable="true" writeable="false">
				<valid>
					<datatype>INT</datatype>
					<min>0</min>
					<max>65535</max>
					<enum/>
					<units/>
				</valid>
				<description_en>amount of events occured in module and corresponding channels</description_en>
				<description_de>Anzahl aufgetretener Ereignisse im Modul und allen Kanälen</description_de>
			</item>
			<item name="Status.errorCounter" readable="true" writeable="false">
				<valid>
					<datatype>INT</datatype>
					<min>0</min>
					<max>65535</max>
					<enum/>
					<units/>
				</valid>
				<description_en>amount of errors occured in module and corresponding channels</description_en>
				<description_de>Anzahl aufgetretener Fehler im Modul und allen Kanälen</description_de>
			</item>
			<item name="Status.runningState" readable="true" writeable="false">
				<valid>
					<datatype>TEXT</datatype>
					<min/>
					<max/>
					<enum>
						<value>disabled</value>
						<value>off</value>
						<value>ok</value>
						<value>info</value>
						<value>error</value>
					</enum>
					<units/>
				</valid>
				<description_en>module status:
					<br/>error - at least one error in module or channel
					<br/>info - at least one channel ramping
					<br/>ok - at least one channel at HV-ON
					<br/>off - all channels at HV-OFF
					<br/>disabled - module not available
				</description_en>
				<description_de>Modulstatus:
					<br/>error - mind. Fehler in einem Kanal oder Modul
					<br/>info - mind. 1 Kanal rampend
					<br/>ok - mind. 1 Kanal HV-ON
					<br/>off - alle Kanäle HV-OFF
					<br/>disabled - Modul nicht verfügbar
				</description_de>
			</item>
			<item name="Control.kill" readable="true" writeable="true">
				<valid>
					<datatype>BOOL</datatype>
					<min/>
					<max/>
					<enum/>
					<units/>
				</valid>
				<description_en>activate / deactivate KILL mode</description_en>
				<description_de>Modus KILL aktivieren / deaktivieren</description_de>
			</item>
			<item name="Control.adjustment" readable="true" writeable="true">
				<valid>
					<datatype>BOOL</datatype>
					<min/>
					<max/>
					<enum/>
					<units/>
				</valid>
				<description_en>activate / deactivate fine adjustment</description_en>
				<description_de>Feinjustierung aktivieren / deaktivieren</description_de>
			</item>
			<item name="Setup.disableVoltageRampSpeedLimit" readable="true" writeable="true">
				<valid>
					<datatype>BOOL</datatype>
					<min/>
					<max/>
					<enum/>
					<units/>
				</valid>
				<description_en>activate / deactivate voltage ramp speed limitation</description_en>
				<description_de>Begrenzung der Spannungrampe aktivieren / deaktivieren</description_de>
			</item>
			<item name="Status.adjustment" readable="true" writeable="false">
				<valid>
					<datatype>BOOL</datatype>
					<min/>
					<max/>
					<enum/>
					<units/>
				</valid>
				<description_en>fine adjustment is activated</description_en>
				<description_de>Feinjustierung ist aktiviert</description_de>
			</item>
			<item name="Status.temperature" readable="true" writeable="false">
				<valid>
					<datatype>FLOAT</datatype>
					<min>0</min>
					<max>85</max>
					<enum/>
					<units>
						<unit factor="1">°C</unit>
					</units>
				</valid>
				<description_en>measured temperature in celsius degree</description_en>
				<description_de>gemessene Temperatur in Grad Celsius</description_de>
			</item>
			<item name="Status.temperatureGood" readable="true" writeable="false">
				<valid>
					<datatype>BOOL</datatype>
					<min/>
					<max/>
					<enum/>
					<units/>
				</valid>
				<description_en>board temperature is in valid range</description_en>
				<description_de>Temperatur ist im zulässigen Bereich</description_de>
			</item>
			<item name="Event.temperatureNotGood" readable="true" writeable="false">
				<valid>
					<datatype>BOOL</datatype>
					<min/>
					<max/>
					<enum/>
					<units/>
				</valid>
				<description_en>board temperature has been or is out of valid range</description_en>
				<description_de>Temperatur war/ist außerhalb des zulässigen Bereichs</description_de>
			</item>
			<item name="Error.temperatureNotGood" readable="true" writeable="false">
				<valid>
					<datatype>BOOL</datatype>
					<min/>
					<max/>
					<enum/>
					<units/>
				</valid>
				<description_en>board temperature has been or is out of valid range</description_en>
				<description_de>Temperatur war/ist außerhalb des zulässigen Bereichs</description_de>
			</item>
			<item name="Status.supplyGood" readable="true" writeable="false">
				<valid>
					<datatype>BOOL</datatype>
					<min/>
					<max/>
					<enum/>
					<units/>
				</valid>
				<description_en>all supply voltages are in valid range</description_en>
				<description_de>alle Versorgungsspannungen sind im zulässigen Bereich</description_de>
			</item>
			<item name="Event.supplyNotGood" readable="true" writeable="false">
				<valid>
					<datatype>BOOL</datatype>
					<min/>
					<max/>
					<enum/>
					<units/>
				</valid>
				<description_en>at least one supply voltage is or was out of valid range</description_en>
				<description_de>mind. eine Versorgungsspannung war/ist nicht im zulässigen Bereich</description_de>
			</item>
			<item name="Error.supplyNotGood" readable="true" writeable="false">
				<valid>
					<datatype>BOOL</datatype>
					<min/>
					<max/>
					<enum/>
					<units/>
				</valid>
				<description_en>at least one supply voltage is or was out of valid range</description_en>
				<description_de>mind. eine Versorgungsspannung war/ist nicht im zulässigen Bereich</description_de>
			</item>
			<item name="Status.interlockOut" readable="true" writeable="false">
				<valid>
					<datatype>BOOL</datatype>
					<min/>
					<max/>
					<enum/>
					<units/>
				</valid>
				<description_en>InterlockOut active</description_en>
				<description_de>InterlockOut aktiv</description_de>
			</item>
			<item name="Event.interlockOut" readable="true" writeable="false">
				<valid>
					<datatype>BOOL</datatype>
					<min/>
					<max/>
					<enum/>
					<units/>
				</valid>
				<description_en>caught InterlockOut event</description_en>
				<description_de>InterlockOut-Ereignis wurde gefangen</description_de>
			</item>
			<item name="Error.interlockOut" readable="true" writeable="false">
				<valid>
					<datatype>BOOL</datatype>
					<min/>
					<max/>
					<enum/>
					<units/>
				</valid>
				<description_en>caught InterlockOut event</description_en>
				<description_de>InterlockOut-Fehler wurde gefangen</description_de>
			</item>
			<item name="Status.safetyLoopClosed" readable="true" writeable="false">
				<valid>
					<datatype>BOOL</datatype>
					<min/>
					<max/>
					<enum/>
					<units/>
				</valid>
				<description_en>Safety-Loop is closed</description_en>
				<description_de>Safety-Loop ist geschlossen</description_de>
			</item>
			<item name="Error.safetyLoopWasOpened" readable="true" writeable="false">
				<valid>
					<datatype>BOOL</datatype>
					<min/>
					<max/>
					<enum/>
					<units/>
				</valid>
				<description_en>Safety-Loop has been opened</description_en>
				<description_de>Safety-Loop wurde geöffnet</description_de>
			</item>
			<item name="Status.needService" readable="true" writeable="false">
				<valid>
					<datatype>BOOL</datatype>
					<min/>
					<max/>
					<enum/>
					<units/>
				</valid>
				<description_en>hardware failure detected, vendor support needed</description_en>
				<description_de>Hardware-Fehler entdeckt, Hersteller muss kontaktiert werden</description_de>
			</item>
			<item name="Error.needService" readable="true" writeable="false">
				<valid>
					<datatype>BOOL</datatype>
					<min/>
					<max/>
					<enum/>
					<units/>
				</valid>
				<description_en>hardware failure detected, vendor support needed</description_en>
				<description_de>Ein oder mehrere Hardware-Fehler wurden entdeckt. Hersteller kontaktieren.</description_de>
			</item>
			<item name="Status.on" readable="true" writeable="false">
				<valid>
					<datatype>BOOL</datatype>
					<min/>
					<max/>
					<enum/>
					<units/>
				</valid>
				<description_en>high voltage is on, supported since iseg devices which have a 7 digit serial number</description_en>
				<description_de>Hochspannung ist eingeschaltet, Unterstützung ab iseg Geräten mit 7 Ziffern als Seriennummer</description_de>
			</item>
			<item name="Status.voltageRampSpeedLimitDisabled" readable="true" writeable="false">
				<valid>
					<datatype>BOOL</datatype>
					<min/>
					<max/>
					<enum/>
					<units/>
				</valid>
				<description_en>no limitation of voltage ramp speed while kill enable or delayed trip</description_en>
				<description_de>Begrenzung der Spannungsrampe bei Kill enable oder verzögerten Trip.</description_de>
			</item>
			<item name="Control.voltageRampspeed" readable="true" writeable="true">
				<valid>
					<datatype>FLOAT</datatype>
					<min/>
					<max/>
					<enum/>
					<units>
						<unit factor="1">% Vnom/s</unit>
					</units>
				</valid>
				<description_en>rampspeed of voltage in %/s</description_en>
				<description_de>Rampengeschwindigkeit der Spannung in %/s</description_de>
			</item>
			<item name="Control.currentRampspeed" readable="true" writeable="true">
				<valid>
					<datatype>FLOAT</datatype>
					<min/>
					<max/>
					<enum/>
					<units>
						<unit factor="1">% Inom/s</unit>
					</units>
				</valid>
				<description_en/>
				<description_de>Rampengeschwindigkeit des Stromes in %/s</description_de>
			</item>
			<item name="Status.voltageLimit" readable="true" writeable="false">
				<valid>
					<datatype>FLOAT</datatype>
					<min/>
					<max/>
					<enum/>
					<units>
						<unit factor="1">% Vnom</unit>
					</units>
				</valid>
				<description_en>hardware limit Vmax (for all channels relative to Vnom)</description_en>
				<description_de>Hardware Limit Vmax (für alle Kanäle relativ zu Vnom)</description_de>
			</item>
			<item name="Status.currentLimit" readable="true" writeable="false">
				<valid>
					<datatype>FLOAT</datatype>
					<min/>
					<max/>
					<enum/>
					<units>
						<unit factor="1">% Inom</unit>
					</units>
				</valid>
				<description_en>hardware limit Imax (for all channels relative to Inom)</description_en>
				<description_de>Hardware Limit Imax (für alle Kanäle relativ zu Inom)</description_de>
			</item>
			<item name="Control.moduleEventMask" readable="true" writeable="true">
				<valid>
					<datatype>INT</datatype>
					<min>0</min>
					<max>65535</max>
					<enum/>
					<units/>
				</valid>
				<description_en>bitmask to mask/unmask module events</description_en>
				<description_de>Bitmaske zum maskieren von Modulevents</description_de>
			</item>
			<item name="Control.moduleChannelEventMask" readable="true" writeable="true">
				<valid>
					<datatype>INT</datatype>
					<min>0</min>
					<max>65535</max>
					<enum/>
					<units/>
				</valid>
				<description_en>bitmask to mask/unmask channel events at module level</description_en>
				<description_de>Bitmaske zum maskieren von Kanalevents auf Modulebene</description_de>
			</item>
			<item name="Control.setValuesReset" readable="false" writeable="true">
				<valid>
					<datatype>BOOL</datatype>
					<min></min>
					<max></max>
					<enum/>
					<units/>
				</valid>
				<description_en>reset channel and module set values</description_en>
				<description_de>Rücksetzen der Kanal- und Modulsetzwerte</description_de>
			</item>
			<item name="Control.factoryReset" readable="false" writeable="true">
				<valid>
					<datatype>BOOL</datatype>
					<min></min>
					<max></max>
					<enum/>
					<units/>
				</valid>
				<description_en>reset channel and module set values, ADC sampling rate and digitalfilter</description_en>
				<description_de>Rücksetzen der Kanal- und Modulsetzwerte, ADC Sampling Rate und digital Filer</description_de>
			</item>
			<item name="Setup.digitalFilter" readable="true" writeable="true">
				<valid>
					<datatype>INT</datatype>
					<min/>
					<max/>
					<enum>
						<value>1</value>
						<value>16</value>
						<value>64</value>
						<value>256</value>
						<value>1024</value>
					</enum>
					<units/>
				</valid>
				<description_en>moving average on specified steps of samples</description_en>
				<description_de>gleitende Mittelwertbildung über gewünschte Menge von Messungen</description_de>
			</item>
			<item name="Setup.adcSampleRate" readable="true" writeable="true">
				<valid>
					<datatype>INT</datatype>
					<min/>
					<max/>
					<enum>
						<value>50</value>
						<value>60</value>
						<value>100</value>
						<value>500</value>
					</enum>
					<units/>
				</valid>
				<description_en>Samplerate of ADC for measured voltage and current</description_en>
				<description_de>Wandlungsrate der ADCs für Monitorsignale Vmeas und Imeas</description_de>
			</item>
			<item name="Status.serialNumber" readable="true" writeable="false">
				<valid>
					<datatype>TEXT</datatype>
					<min/>
					<max/>
					<enum/>
					<units/>
				</valid>
				<description_en>serialnumber of the module</description_en>
				<description_de>Geräte-Seriennummer</description_de>
			</item>
			<item name="Status.isAlive" readable="true" writeable="false">
				<valid>
					<datatype>BOOL</datatype>
					<min/>
					<max/>
					<enum/>
					<units/>
				</valid>
				<description_en>module is powered on and able to communicate</description_en>
				<description_de>Modul ist eingeschaltet und betriebsbereit</description_de>
			</item>
			<item name="Status.firmwareName" readable="true" writeable="false">
				<valid>
					<datatype>TEXT</datatype>
					<min/>
					<max/>
					<enum/>
					<units/>
				</valid>
				<description_en>name of firmware</description_en>
				<description_de>Firmwarename</description_de>
			</item>
			<item name="Status.firmwareRelease" readable="true" writeable="false">
				<valid>
					<datatype>TEXT</datatype>
					<min/>
					<max/>
					<enum/>
					<units/>
				</valid>
				<description_en>firmware version</description_en>
				<description_de>Firmware-Versionsnummer</description_de>
			</item>
			<item name="Control.userHardwareCheck" readable="true" writeable="true">
				<valid>
					<datatype>BOOL</datatype>
					<min/>
					<max/>
					<enum/>
					<units/>
				</valid>
				<description_en>only for iseg MICC-systems: user confirms that MICC configuration has been verified</description_en>
				<description_de>nur für iseg MICC Systeme: Nutzer bestätigt, dass MICC-Konfiguraton in Ordnung ist</description_de>
			</item>
			<item name="Error.needUserHardwareCheck" readable="true" writeable="false">
			<valid>
			<datatype>BOOL</datatype>
			<min/>
			<max/>
			<enum/>
			<units/>
			</valid>
			<description_en>only for iseg MICC-systems: user has to confirm that MICC configuration has been verified</description_en>
			<description_de>nur für iseg MICC Systeme: Nutzer muss bestätigen, dass MICC-Konfiguraton in Ordnung ist</description_de>
			</item>
		</module>
		<channel>
			<item name="Control.clearAll" readable="false" writeable="true">
				<valid>
					<datatype>BOOL</datatype>
					<min/>
					<max/>
					<enum/>
					<units/>
				</valid>
				<description_en>clear all channel events and channel errors</description_en>
				<description_de>Alle Kanalereignisse und -fehler zurücksetzen</description_de>
			</item>
			<item name="Control.clearEvents" readable="false" writeable="true">
				<valid>
					<datatype>BOOL</datatype>
					<min/>
					<max/>
					<enum/>
					<units/>
				</valid>
				<description_en>clear all channel events</description_en>
				<description_de>Alle Kanaleereignisse zurücksetzen</description_de>
			</item>
			<item name="Status.eventCounter" readable="true" writeable="false">
				<valid>
					<datatype>INT</datatype>
					<min>0</min>
					<max>65535</max>
					<enum/>
					<units/>
				</valid>
				<description_en>amount of occured channel events</description_en>
				<description_de>Anzahl aufgetretener Ereignisse im Kanal</description_de>
			</item>
			<item name="Control.clearErrors" readable="false" writeable="true">
				<valid>
					<datatype>BOOL</datatype>
					<min/>
					<max/>
					<enum/>
					<units/>
				</valid>
				<description_en>clear all channel errors</description_en>
				<description_de>Alle Kanalfehler zurücksetzen</description_de>
			</item>
			<item name="Status.errorCounter" readable="true" writeable="false">
				<valid>
					<datatype>INT</datatype>
					<min>0</min>
					<max>65535</max>
					<enum/>
					<units/>
				</valid>
				<description_en>amount of occured channel errors</description_en>
				<description_de>Anzahl aufgetretener Fehler im Kanal</description_de>
			</item>
			<item name="Status.runningState" readable="true" writeable="false">
				<valid>
					<datatype>TEXT</datatype>
					<min/>
					<max/>
					<enum>
						<value>disabled</value>
						<value>off</value>
						<value>ok</value>
						<value>info</value>
						<value>error</value>
					</enum>
					<units/>
				</valid>
				<description_en>channel state:
					<br/>error - channel has an error
					<br/>info - channel is ramping
					<br/>ok - HV is on
					<br/>off - HV is off
					<br/>disabled - channel not available
				</description_en>
				<description_de>Kanalstatus:
					<br/>error - Kanal hat einen Fehler
					<br/>info - Kanal ist rampend
					<br/>ok - HV ist ein
					<br/>off - HV ist aus
					<br/>disabled - Kanal ist nicht verfügbar
				</description_de>
			</item>
			<item name="Control.voltageSet" readable="true" writeable="true">
				<valid>
					<datatype>FLOAT</datatype>
					<min/>
					<max/>
					<enum/>
					<units>
						<unit factor="0.001">kV</unit>
						<unit factor="1">V</unit>
					</units>
				</valid>
				<description_en>voltage set value</description_en>
				<description_de>Spannungs-Sollwert</description_de>
			</item>
			<item name="Status.voltageMeasure" readable="true" writeable="false">
				<valid>
					<datatype>FLOAT</datatype>
					<min/>
					<max/>
					<enum/>
					<units>
						<unit factor="0.001">kV</unit>
						<unit factor="1">V</unit>
					</units>
				</valid>
				<description_en>measured voltage</description_en>
				<description_de>Spannungs-Istwert</description_de>
			</item>
			<item name="Status.voltageLimit" readable="true" writeable="false">
				<valid>
					<datatype>FLOAT</datatype>
					<min/>
					<max/>
					<enum/>
					<units>
						<unit factor="0.001">kV</unit>
						<unit factor="1">V</unit>
					</units>
				</valid>
				<description_en>(Module.Vlimit * Channel.Vnominal)/100% (Sliderlimit, defined by Hardware or Software)</description_en>
				<description_de>(Module.Vlimit * Channel.Vnominal)/100% (Slidergrenze, durch Hardware oder Software bestimmt)</description_de>
			</item>
			<item name="Status.voltageNominal" readable="true" writeable="false">
				<valid>
					<datatype>FLOAT</datatype>
					<min/>
					<max/>
					<enum/>
					<units>
						<unit factor="0.001">kV</unit>
						<unit factor="1">V</unit>
					</units>
				</valid>
				<description_en>nominal voltage</description_en>
				<description_de>Nominalspannung</description_de>
			</item>
			<item name="Control.currentSet" readable="true" writeable="true">
				<valid>
					<datatype>FLOAT</datatype>
					<min/>
					<max/>
					<enum/>
					<units>
						<unit factor="0.001">kA</unit>
						<unit factor="1">A</unit>
						<unit factor="1000">mA</unit>
						<unit factor="1000000">µA</unit>
						<unit factor="1000000000">nA</unit>
					</units>
				</valid>
				<description_en>current set value</description_en>
				<description_de>Strom-Sollwert</description_de>
			</item>
			<item name="Status.currentMeasure" readable="true" writeable="false">
				<valid>
					<datatype>FLOAT</datatype>
					<min/>
					<max/>
					<enum/>
					<units>
						<unit factor="0.001">kA</unit>
						<unit factor="1">A</unit>
						<unit factor="1000">mA</unit>
						<unit factor="1000000">µA</unit>
						<unit factor="1000000000">nA</unit>
					</units>
				</valid>
				<description_en>measured current</description_en>
				<description_de>Strom-Istwert</description_de>
			</item>
			<item name="Status.currentLimit" readable="true" writeable="false">
				<valid>
					<datatype>FLOAT</datatype>
					<min/>
					<max/>
					<enum/>
					<units>
						<unit factor="0.001">kA</unit>
						<unit factor="1">A</unit>
						<unit factor="1000">mA</unit>
						<unit factor="1000000">µA</unit>
						<unit factor="1000000000">nA</unit>
					</units>
				</valid>
				<description_en>(Module.Ilimit * Channel.Inominal)/100% (Sliderlimit defined by hardware or software)</description_en>
				<description_de>(Module.Ilimit * Channel.Inominal)/100% (Slidergrenze, durch Hardware oder Software bestimmt)</description_de>
			</item>
			<item name="Status.currentNominal" readable="true" writeable="false">
				<valid>
					<datatype>FLOAT</datatype>
					<min/>
					<max/>
					<enum/>
					<units>
						<unit factor="0.001">kA</unit>
						<unit factor="1">A</unit>
						<unit factor="1000">mA</unit>
						<unit factor="1000000">µA</unit>
						<unit factor="1000000000">nA</unit>
					</units>
				</valid>
				<description_en>nominal current</description_en>
				<description_de>Nominalstrom</description_de>
			</item>
			<item name="Status.voltageLimitExceeded" readable="true" writeable="false">
				<valid>
					<datatype>BOOL</datatype>
					<min/>
					<max/>
					<enum/>
					<units/>
				</valid>
				<description_en>voltage limit exceeded</description_en>
				<description_de>Spannungslimit überschritten</description_de>
			</item>
			<item name="Event.voltageLimitExceeded" readable="true" writeable="false">
				<valid>
					<datatype>BOOL</datatype>
					<min/>
					<max/>
					<enum/>
					<units/>
				</valid>
				<description_en>voltage limit has been exceeded, HV turned off if KILL == 1</description_en>
				<description_de>Spannungslimit wurde überschritten, HV abgeschaltet wenn KILL == 1</description_de>
			</item>
			<item name="Error.voltageLimitExceeded" readable="true" writeable="false">
				<valid>
					<datatype>BOOL</datatype>
					<min/>
					<max/>
					<enum/>
					<units/>
				</valid>
				<description_en>voltage limit has been exceeded, HV turned off if KILL == 1</description_en>
				<description_de>Spannungslimit wurde überschritten, HV abgeschaltet wenn KILL == 1</description_de>
			</item>
			<item name="Status.currentLimitExceeded" readable="true" writeable="false">
				<valid>
					<datatype>BOOL</datatype>
					<min/>
					<max/>
					<enum/>
					<units/>
				</valid>
				<description_en>current limit exceeded</description_en>
				<description_de>Stromlimit überschritten</description_de>
			</item>
			<item name="Event.currentLimitExceeded" readable="true" writeable="false">
				<valid>
					<datatype>BOOL</datatype>
					<min/>
					<max/>
					<enum/>
					<units/>
				</valid>
				<description_en>current limit exceeded, HV turned off if KILL == 1</description_en>
				<description_de>Stromlimit wurde überschritten, HV abgeschaltet wenn KILL == 1</description_de>
			</item>
			<item name="Error.currentLimitExceeded" readable="true" writeable="false">
				<valid>
					<datatype>BOOL</datatype>
					<min/>
					<max/>
					<enum/>
					<units/>
				</valid>
				<description_en>current limit exceeded, HV turned off if KILL == 1</description_en>
				<description_de>Stromlimit wurde überschritten, HV abgeschaltet wenn KILL == 1</description_de>
			</item>
			<item name="Setup.delayedTripAction" readable="true" writeable="true">
				<valid>
					<datatype>INT</datatype>
					<min>0</min>
					<max>4</max>
					<enum/>
					<units/>
				</valid>
				<description_en>action on a trip event:
					<br/>0 = no action,
					<br/>1 = shut down voltage of the channel with ramp,
					<br/>2 = shut down voltage of the channel without ramp,
					<br/>3 = shut down the whole module without ramp,
					<br/>4 = disable the delayed trip action (no Event.currentTrip generation)
				</description_en>
				<description_de>Aktion bei einem Trip Event:
					<br/>0 = keine Aktion,
					<br/>1 = Kanal ausschalten mit Rampe,
					<br/>2 = Kanal ausschalten ohne Rampe,
					<br/>3 = Alle Kanäle des Moduls ausschalten ohne Rampe,
					<br/>4 = deaktivieren der Trip Funktion (keine Trip Events erzeugen)
				</description_de>
			</item>
			<item name="Setup.delayedTripTime" readable="true" writeable="true">
				<valid>
					<datatype>INT</datatype>
					<min>1</min>
					<max>4095</max>
					<enum/>
					<units factor="1">ms</units>
				</valid>
				<description_en>time in ms until delayedTripAction is called</description_en>
				<description_de>Zeit in ms bis die "delayedTripAction" aufgerufen wird</description_de>
			</item>
			<item name="Status.currentTrip" readable="true" writeable="false">
				<valid>
					<datatype>BOOL</datatype>
					<min/>
					<max/>
					<enum/>
					<units/>
				</valid>
				<description_en>current trip limit exceeded</description_en>
				<description_de>Trip-Stromgrenze ist überschritten</description_de>
			</item>
			<item name="Event.currentTrip" readable="true" writeable="false">
				<valid>
					<datatype>BOOL</datatype>
					<min/>
					<max/>
					<enum/>
					<units/>
				</valid>
				<description_en>currrent trip limit exceeded, HV turned off</description_en>
				<description_de>Trip-Stromgrenze wurde überschritten, HV wurde abgeschaltet</description_de>
			</item>
			<item name="Error.currentTrip" readable="true" writeable="false">
				<valid>
					<datatype>BOOL</datatype>
					<min/>
					<max/>
					<enum/>
					<units/>
				</valid>
				<description_en>current trip limit exceeded, HV turned off</description_en>
				<description_de>Trip-Stromgrenze wurde überschritten, HV wurde abgeschaltet</description_de>
			</item>
			<item name="Setup.externalInhibitAction" readable="true" writeable="true">
				<valid>
					<datatype>INT</datatype>
					<min>0</min>
					<max>3</max>
					<enum/>
					<units/>
				</valid>
				<description_en>action on external inhibit active:
					<br/>0 = no action,
					<br/>1 = ramp down voltage of this channel,
					<br/>2 = shut down high voltage of the channel without ramp,
					<br/>3 = shut down the whole module without ramp
				</description_en>
				<description_de>Auszuführende Aktion bei Inhibit aktiv:
					<br/>0 = keine Aktion,
					<br/>1 = Kanal ausschalten mit Rampe,
					<br/>2 = Kanal ausschalten ohne Rampe,
					<br/>3 = Alle Kanäle des Moduls ohne Rampe ausschalten
				</description_de>
			</item>
			<item name="Status.externalInhibitActive" readable="true" writeable="false">
				<valid>
					<datatype>BOOL</datatype>
					<min/>
					<max/>
					<enum/>
					<units/>
				</valid>
				<description_en>Inhibit active</description_en>
				<description_de>Inhibit aktiv</description_de>
			</item>
			<item name="Event.externalInhibitActive" readable="true" writeable="false">
				<valid>
					<datatype>BOOL</datatype>
					<min/>
					<max/>
					<enum/>
					<units/>
				</valid>
				<description_en>Inhibit has been active; HV turned off</description_en>
				<description_de>Inhibit war aktiv; HV wurde abgeschaltet</description_de>
			</item>
			<item name="Error.externalInhibitActive" readable="true" writeable="false">
				<valid>
					<datatype>BOOL</datatype>
					<min/>
					<max/>
					<enum/>
					<units/>
				</valid>
				<description_en>Inhibit has been active; HV turned off</description_en>
				<description_de>Inhibit war aktiv; HV wurde abgeschaltet</description_de>
			</item>
			<item name="Control.voltageBounds" readable="true" writeable="true">
				<valid>
					<datatype>FLOAT</datatype>
					<min/>
					<max/>
					<enum/>
					<units>
						<unit factor="1">V</unit>
					</units>
				</valid>
				<description_en>voltage tolerance-bounds value relative (+/-) to voltage set</description_en>
				<description_de>Spannungstoleranz-Bereich relativ (+/-) zur Sollspannung</description_de>
			</item>
			<item name="Status.voltageBoundExceeded" readable="true" writeable="false">
				<valid>
					<datatype>BOOL</datatype>
					<min/>
					<max/>
					<enum/>
					<units/>
				</valid>
				<description_en>voltage tolerance range left (upper and/or lower)</description_en>
				<description_de>Spannungstoleranz-Bereich verlassen (upper oder/und lower)</description_de>
			</item>
			<item name="Event.voltageBoundExceeded" readable="true" writeable="false">
				<valid>
					<datatype>BOOL</datatype>
					<min/>
					<max/>
					<enum/>
					<units/>
				</valid>
				<description_en>voltage tolerance range has been left (upper and/or lower)</description_en>
				<description_de>Spannungstoleranz-Bereich wurde verlassen (upper oder/und lower)</description_de>
			</item>
			<item name="Error.voltageBoundExceeded" readable="true" writeable="false">
				<valid>
					<datatype>BOOL</datatype>
					<min/>
					<max/>
					<enum/>
					<units/>
				</valid>
				<description_en>voltage tolerance range left (upper and/or lower)</description_en>
				<description_de>Spannungstoleranz-Bereich wurde verlassen (upper oder/und lower) -&gt; HV wurde
					abgeschaltet, wenn KILL == 1
				</description_de>
			</item>
			<item name="Control.currentBounds" readable="true" writeable="true">
				<valid>
					<datatype>FLOAT</datatype>
					<min/>
					<max/>
					<enum/>
					<units>
						<unit factor="0.000001">uA</unit>
						<unit factor="0.001">mA</unit>
					</units>
				</valid>
				<description_en>current tolerance-bounds value relative (+/-) to current set</description_en>
				<description_de>Stromtoleranz-Bereich relativ (+/-) zum Sollstrom</description_de>
			</item>
			<item name="Status.currentBoundExceeded" readable="true" writeable="false">
				<valid>
					<datatype>BOOL</datatype>
					<min/>
					<max/>
					<enum/>
					<units/>
				</valid>
				<description_en>current tolerance range left (upper and/or lower)</description_en>
				<description_de>Stromtoleranz-Bereich verlassen (upper oder/und lower)</description_de>
			</item>
			<item name="Event.currentBoundExceeded" readable="true" writeable="false">
				<valid>
					<datatype>BOOL</datatype>
					<min/>
					<max/>
					<enum/>
					<units/>
				</valid>
				<description_en>current tolerance range has been left (upper and/or lower)</description_en>
				<description_de>Stromtoleranz-Bereich wurde verlassen (oberer oder/und unterer)</description_de>
			</item>
			<item name="Error.currentBoundExceeded" readable="true" writeable="false">
				<valid>
					<datatype>BOOL</datatype>
					<min/>
					<max/>
					<enum/>
					<units/>
				</valid>
				<description_en>current tolerance range has been left (upper and/or lower)</description_en>
				<description_de>Stromtoleranz-Bereich wurde verlassen (oberer oder/und unterer)</description_de>
			</item>
			<item name="Status.constantVoltage" readable="true" writeable="false">
				<valid>
					<datatype>BOOL</datatype>
					<min/>
					<max/>
					<enum/>
					<units/>
				</valid>
				<description_en>in constant voltage regulation</description_en>
				<description_de>in Spannungsregelung</description_de>
			</item>
			<item name="Event.constantVoltage" readable="true" writeable="false">
				<valid>
					<datatype>BOOL</datatype>
					<min/>
					<max/>
					<enum/>
					<units/>
				</valid>
				<description_en>has been or is in constant voltage regulation</description_en>
				<description_de>war in Spannungsregelung</description_de>
			</item>
			<item name="Status.constantCurrent" readable="true" writeable="false">
				<valid>
					<datatype>BOOL</datatype>
					<min/>
					<max/>
					<enum/>
					<units/>
				</valid>
				<description_en>is in constant current regulation</description_en>
				<description_de>in Stromregelung</description_de>
			</item>
			<item name="Event.constantCurrent" readable="true" writeable="false">
				<valid>
					<datatype>BOOL</datatype>
					<min/>
					<max/>
					<enum/>
					<units/>
				</valid>
				<description_en>channel has been or is in constant current regulation</description_en>
				<description_de>Kanal war oder ist in Stromregelung</description_de>
			</item>
			<item name="Control.emergency" readable="true" writeable="true">
				<valid>
					<datatype>BOOL</datatype>
					<min/>
					<max/>
					<enum/>
					<units/>
				</valid>
				<description_en>1 = switch channel without ramp to "Emergency Off", turn-on-lock is active; 0 = exit "Emergency Off"</description_en>
				<description_de>1 = Kanal ohne Rampe Notaus, Einschaltsperre aktiv; 0 = Notaus verlassen</description_de>
			</item>
			<item name="Status.emergency" readable="true" writeable="false">
				<valid>
					<datatype>BOOL</datatype>
					<min/>
					<max/>
					<enum/>
					<units/>
				</valid>
				<description_en>"Emergency Off" is active</description_en>
				<description_de>Notausschaltung aktiv</description_de>
			</item>
			<item name="Event.emergency" readable="true" writeable="false">
				<valid>
					<datatype>BOOL</datatype>
					<min/>
					<max/>
					<enum/>
					<units/>
				</valid>
				<description_en>"Emergency Off" has been active; HV has been turned off</description_en>
				<description_de>Notausschaltung war aktiv; HV wurde abgeschaltet</description_de>
			</item>
			<item name="Error.emergency" readable="true" writeable="false">
				<valid>
					<datatype>BOOL</datatype>
					<min/>
					<max/>
					<enum/>
					<units/>
				</valid>
				<description_en>"Emergency Off" has been active; HV has been turned off</description_en>
				<description_de>Notausschaltung war aktiv; HV wurde abgeschaltet</description_de>
			</item>
			<item name="Control.on" readable="true" writeable="true">
				<valid>
					<datatype>BOOL</datatype>
					<min/>
					<max/>
					<enum/>
					<units/>
				</valid>
				<description_en>1 = turn on channel with ramp; 0 = turn off channel with ramp</description_en>
				<description_de>1 = Kanal mit Rampe einschalten; 0 = Kanal mit Rampe ausschalten</description_de>
			</item>
			<item name="Status.on" readable="true" writeable="false">
				<valid>
					<datatype>BOOL</datatype>
					<min/>
					<max/>
					<enum/>
					<units/>
				</valid>
				<description_en>HV is turned on</description_en>
				<description_de>HV ist eingeschaltet</description_de>
			</item>
			<item name="Status.ramping" readable="true" writeable="false">
				<valid>
					<datatype>BOOL</datatype>
					<min/>
					<max/>
					<enum/>
					<units/>
				</valid>
				<description_en>HV is changing with specified ramp</description_en>
				<description_de>HV wird mit eingestellter Rampe verändert</description_de>
			</item>
			<item name="Event.endOfRamp" readable="true" writeable="false">
				<valid>
					<datatype>BOOL</datatype>
					<min/>
					<max/>
					<enum/>
					<units/>
				</valid>
				<description_en>set value reached; ramping ends</description_en>
				<description_de>Setzspannung erreicht; rampen beendet</description_de>
			</item>
			<item name="Status.arc" readable="true" writeable="false">
				<valid>
					<datatype>BOOL</datatype>
					<min/>
					<max/>
					<enum/>
					<units/>
				</valid>
				<description_en>arc detected</description_en>
				<description_de>Überschlag tritt auf</description_de>
			</item>
			<item name="Event.arc" readable="true" writeable="false">
				<valid>
					<datatype>BOOL</datatype>
					<min/>
					<max/>
					<enum/>
					<units/>
				</valid>
				<description_en>at least one arc has been detected</description_en>
				<description_de>mind. ein Überschlag wurde registriert</description_de>
			</item>
			<item name="Error.arc" readable="true" writeable="false">
				<valid>
					<datatype>BOOL</datatype>
					<min/>
					<max/>
					<enum/>
					<units/>
				</valid>
				<description_en>maximum amount of allowed arcs reached</description_en>
				<description_de>maximale Anzahl von erlaubten Überschlägen überschritten</description_de>
			</item>
			<item name="Status.lowCurrentRange" readable="true" writeable="false">
				<valid>
					<datatype>BOOL</datatype>
					<min/>
					<max/>
					<enum/>
					<units/>
				</valid>
				<description_en>Current is measured in 2nd Current Range</description_en>
				<description_de>Strom wird im zweiten Messbereich gemessen</description_de>
			</item>
			<item name="Control.channelEventMask" readable="true" writeable="true">
				<valid>
					<datatype>INT</datatype>
					<min>0</min>
					<max>65535</max>
					<enum/>
					<units/>
				</valid>
				<description_en>bitmask to mask/unmask channel events</description_en>
				<description_de>Bitmaske zum maskieren von Kanalevents setzen</description_de>
			</item>
			<item name="Control.vctCoefficient" readable="true" writeable="true">
				<valid>
					<datatype>FLOAT</datatype>
					<min/>
					<max/>
					<enum/>
					<units/>
				</valid>
				<description_en>VCT coefficient</description_en>
				<description_de>VCT Koeffizient</description_de>
			</item>
			<item name="Status.temperatureExternal" readable="true" writeable="false">
				<valid>
					<datatype>FLOAT</datatype>
					<min/>
					<max/>
					<enum/>
					<units>
						<unit factor="1">°C</unit>
					</units>
				</valid>
				<description_en>temperature of external sensor</description_en>
				<description_de>Temperatur des externen Sensors</description_de>
			</item>
			<item name="Setup.resistanceExternal" readable="true" writeable="true">
				<valid>
					<datatype>FLOAT</datatype>
					<min/>
					<max/>
					<enum/>
					<units/>
				</valid>
				<description_en>resistance external, option stacked output channels</description_en>
				<description_de>Externer Widerstand, Option kaskadierbare Kanäle.</description_de>
			</item>
			<item name="Setup.outputPolarity" readable="true" writeable="true">
				<valid>
					<datatype>TEXT</datatype>
					<min/>
					<max/>
					<enum/>
					<units/>
				</valid>
				<description_en>polarity, option switchable polarity</description_en>
				<description_de>Polarität, Option umschaltbare Polarität.</description_de>
			</item>
			<item name="Setup.outputMode" readable="true" writeable="true">
				<valid>
					<datatype>INT</datatype>
					<min>1</min>
					<max>3</max>
					<enum/>
					<units/>
				</valid>
				<description_en>number of HV mode, option switchable HV-generation modes</description_en>
				<description_de>Nummer des HV-Modus, Option schaltbarer HV Generator.</description_de>
			</item>
			<item name="Status.voltageMode" readable="true" writeable="false">
				<valid>
					<datatype>FLOAT</datatype>
					<min/>
					<max/>
					<enum/>
					<units/>
				</valid>
				<description_en>voltage mode, option switchable HV-generation modes</description_en>
				<description_de>Spannungsmodus, Option schaltbarer HV Generator.</description_de>
			</item>
			<item name="Status.voltageModeList" readable="true" writeable="false">
				<valid>
					<datatype>FLOAT</datatype>
					<min/>
					<max/>
					<enum/>
					<units/>
				</valid>
				<description_en>voltage mode list, option switchable HV-generation modes</description_en>
				<description_de>Spannungs Mode Liste, Option schaltbarer HV Generator.</description_de>
			</item>
			<item name="Status.currentMode" readable="true" writeable="false">
				<valid>
					<datatype>FLOAT</datatype>
					<min/>
					<max/>
					<enum/>
					<units/>
				</valid>
				<description_en>current mode, option switchable HV-generation modes</description_en>
				<description_de>Strommodus, Option schaltbarer HV Generator.</description_de>
			</item>
			<item name="Status.currentModeList" readable="true" writeable="false">
				<valid>
					<datatype>FLOAT</datatype>
					<min/>
					<max/>
					<enum/>
					<units/>
				</valid>
				<description_en>current mode list, option switchable HV-generation modes</description_en>
				<description_de>Strom Mode Liste, Option schaltbarer HV Generator.</description_de>
			</item>
			<item name="Control.voltageRampspeedUp" readable="true" writeable="true">
				<valid>
					<datatype>FLOAT</datatype>
					<min/>
					<max/>
					<enum/>
					<units>
						<unit factor="1">V/s</unit>
					</units>
				</valid>
				<description_en>rampspeed to increase the voltage in V/s</description_en>
				<description_de>Rampengeschwindigkeit zum Erhöhen der Spannung in V/s</description_de>
			</item>
			<item name="Control.voltageRampspeedDown" readable="true" writeable="true">
				<valid>
					<datatype>FLOAT</datatype>
					<min/>
					<max/>
					<enum/>
					<units>
						<unit factor="1">V/s</unit>
					</units>
				</valid>
				<description_en>rampspeed to decrease the voltage in V/s</description_en>
				<description_de>Rampengeschwindigkeit zum Verringern der Spannung in V/s</description_de>
			</item>
			<item name="Status.voltageRampspeedMin" readable="true" writeable="true">
				<valid>
					<datatype>FLOAT</datatype>
					<min/>
					<max/>
					<enum/>
					<units>
						<unit factor="1">V/s</unit>
					</units>
				</valid>
				<description_en>minimun rampspeed to change the voltage in V/s</description_en>
				<description_de>minimale Rampengeschwindigkeit zum Ändern der Spannung in V/s</description_de>
			</item>
			<item name="Status.voltageRampspeedMax" readable="true" writeable="true">
				<valid>
					<datatype>FLOAT</datatype>
					<min/>
					<max/>
					<enum/>
					<units>
						<unit factor="1">V/s</unit>
					</units>
				</valid>
				<description_en>maximum rampspeed to change the voltage in V/s</description_en>
				<description_de>maximale Rampengeschwindigkeit zum Ändern der Spannung in V/s</description_de>
			</item>
			<item name="Control.currentRampspeedUp" readable="true" writeable="true">
				<valid>
					<datatype>FLOAT</datatype>
					<min/>
					<max/>
					<enum/>
					<units>
						<unit factor="1">mA/s</unit>
					</units>
				</valid>
				<description_en>rampspeed to increase the current in mA/s</description_en>
				<description_de>Rampengeschwindigkeit zum Erhöhen des Stromes in mA/s</description_de>
			</item>
			<item name="Control.currentRampspeedDown" readable="true" writeable="true">
				<valid>
					<datatype>FLOAT</datatype>
					<min/>
					<max/>
					<enum/>
					<units>
						<unit factor="1">mA/s</unit>
					</units>
				</valid>
				<description_en>rampspeed to decrease the current in mA/s</description_en>
				<description_de>Rampengeschwindigkeit zum Verringern des Stromes in mA/s</description_de>
			</item>
			<item name="Status.currentRampspeedMin" readable="true" writeable="true">
				<valid>
					<datatype>FLOAT</datatype>
					<min/>
					<max/>
					<enum/>
					<units>
						<unit factor="1">mA/s</unit>
					</units>
				</valid>
				<description_en>minimum rampspeed to change the current in mA/s</description_en>
				<description_de>minimale Rampengeschwindigkeit zum Ändern des Stromes in mA/s</description_de>
			</item>
			<item name="Status.currentRampspeedMax" readable="true" writeable="true">
				<valid>
					<datatype>FLOAT</datatype>
					<min/>
					<max/>
					<enum/>
					<units>
						<unit factor="1">mA/s</unit>
					</units>
				</valid>
				<description_en>maximum rampspeed to change the current in mA/s</description_en>
				<description_de>maximale Rampengeschwindigkeit zum Ändern des Stromes in mA/s</description_de>
			</item>
			<item name="Status.voltageLimit" readable="true" writeable="false">
				<valid>
					<datatype>FLOAT</datatype>
					<min/>
					<max/>
					<enum/>
					<units>
						<unit factor="0.001">kV</unit>
						<unit factor="1">V</unit>
					</units>
				</valid>
				<description_en>limited voltage</description_en>
				<description_de>limitierte Spannung (Slidergrenze, durch Hardware oder Software bestimmt)</description_de>
			</item>
			<item name="Status.currentLimit" readable="true" writeable="false">
				<valid>
					<datatype>FLOAT</datatype>
					<min/>
					<max/>
					<enum/>
					<units>
						<unit factor="1">mA</unit>
					</units>
				</valid>
				<description_en>limited current)</description_en>
				<description_de>limitierter Strom (Slidergrenze, durch Hardware oder Software bestimmt)</description_de>
			</item>
		</channel>
		<system>
			<item name="Control.reboot" readable="false" writeable="true">
				<valid>
					<datatype>BOOL</datatype>
					<min/>
					<max/>
					<enum/>
					<units/>
				</valid>
				<description_en>reboot iCS Server</description_en>
				<description_de>iCS neustarten</description_de>
			</item>
			<item name="Control.shutdown" readable="false" writeable="true">
				<valid>
					<datatype>BOOL</datatype>
					<min/>
					<max/>
					<enum/>
					<units/>
				</valid>
				<description_en>shutdown iCS Server</description_en>
				<description_de>iCS herunterfahren</description_de>
			</item>
			<item name="Control.restartScan" readable="false" writeable="true">
				<valid>
					<datatype>BOOL</datatype>
					<min/>
					<max/>
					<enum/>
					<units/>
				</valid>
				<description_en>rescan all connected devices (modules, crates)</description_en>
				<description_de>alle angeschlosssenen Crates und Module neu einscannen</description_de>
			</item>
			<item name="Control.wifi" readable="false" writeable="true">
				<valid>
					<datatype>BOOL</datatype>
					<min/>
					<max/>
					<enum/>
					<units/>
				</valid>
				<description_en>switch wifi on or off</description_en>
				<description_de>WLAN ein- oder ausschalten</description_de>
			</item>
			<item name="Control.liveInsertion" readable="true" writeable="true">
				<valid>
					<datatype>BOOL</datatype>
					<min/>
					<max/>
					<enum/>
					<units/>
				</valid>
				<description_en>switch live insertion mode on or off</description_en>
				<description_de>Live-Insertion-Mode ein- oder ausschalten</description_de>
			</item>
			<item name="Control.installSystem" readable="false" writeable="true">
				<valid>
					<datatype>TEXT</datatype>
					<min/>
					<max/>
					<enum/>
					<units/>
				</valid>
				<description_en>update iCS firmware with given filename</description_en>
				<description_de>iCS Firmware mit übergebener Firmwaredatei updaten</description_de>
			</item>
			<item name="Control.factorySystemReset" readable="false" writeable="true">
				<valid>
					<datatype>TEXT</datatype>
					<min/>
					<max/>
					<enum/>
					<units/>
				</valid>
				<description_en>reset iCS configuration file icsConfig.xml</description_en>
				<description_de>Rücksetzen der iCS Konfigurationsdatei icsConfig.xml</description_de>
			</item>
			<item name="Status.liveInsertion" readable="true" writeable="false">
				<valid>
					<datatype>BOOL</datatype>
					<min/>
					<max/>
					<enum/>
					<units/>
				</valid>
				<description_en>state of live insertion mode</description_en>
				<description_de>Zustand des Live-Insertion-Mode</description_de>
			</item>
			<item name="Status.runningStateIcs" readable="true" writeable="false">
				<valid>
					<datatype>TEXT</datatype>
					<min/>
					<max/>
					<enum>
						<value>HAL_OFF</value>
						<value>HAL_ON</value>
					</enum>
					<units/>
				</valid>
				<description_en>general state of iCS system</description_en>
				<description_de>allgemeiner Zustand des iCS Systems</description_de>
			</item>
			<item name="Event.hardwareChanged" readable="false" writeable="false">
				<valid>
					<datatype>BOOL</datatype>
					<min/>
					<max/>
					<enum/>
					<units/>
				</valid>
				<description_en>becomes true on any change on detected hardware</description_en>
				<description_de>wird wahr wenn eine Änderung der angeschlossenen HW erkannt wurde</description_de>
			</item>
			<item name="Status.connectedClients" readable="true" writeable="false">
				<valid>
					<datatype>INT</datatype>
					<min>1</min>
					<max>128</max>
					<enum/>
					<units/>
				</valid>
				<description_en>amount of clients connected with iCS</description_en>
				<description_de>Anzahl mit iCS verbundener Clients</description_de>
			</item>
			<item name="Setup.cycleTime" readable="true" writeable="true">
				<valid>
					<datatype>INT</datatype>
					<min>300</min>
					<max>20000</max>
					<enum/>
					<units>
						<unit factor="1">ms</unit>
					</units>
				</valid>
				<description_en>cycletime (updaterate) in ms</description_en>
				<description_de>Zykluszeit der Datenaktualisierung in ms</description_de>
			</item>
			<item name="Control.serviceStart" readable="false" writeable="true">
				<valid>
					<datatype>TEXT</datatype>
					<min/>
					<max/>
					<enum>
						<value>epics</value>
						<value>hal</value>
						<value>websocket</value>
						<value>soap</value>
						<value>snmp</value>
						<value>opc</value>
					</enum>
					<units/>
				</valid>
				<description_en>start one of the available interface services</description_en>
				<description_de>einen der verfügbaren Interfacedienste starten</description_de>
			</item>
			<item name="Control.serviceStop" readable="false" writeable="true">
				<valid>
					<datatype>TEXT</datatype>
					<min/>
					<max/>
					<enum>
						<value>epics</value>
						<value>hal</value>
						<value>websocket</value>
						<value>soap</value>
						<value>snmp</value>
						<value>opc</value>
					</enum>
					<units/>
				</valid>
				<description_en>stop one of the available interface services</description_en>
				<description_de>einen der verfügbaren Interfacedienste stoppen</description_de>
			</item>
			<item name="Control.serviceRestart" readable="false" writeable="true">
				<valid>
					<datatype>TEXT</datatype>
					<min/>
					<max/>
					<enum>
						<value>epics</value>
						<value>hal</value>
						<value>websocket</value>
						<value>soap</value>
						<value>snmp</value>
						<value>opc</value>
					</enum>
					<units/>
				</valid>
				<description_en>restart one of the available interface services</description_en>
				<description_de>einen der verfügbaren Interfacedienste neustarten</description_de>
			</item>
			<item name="Control.autoConfig" readable="false" writeable="true">
				<valid>
					<datatype>BOOL</datatype>
					<min/>
					<max/>
					<enum/>
					<units/>
				</valid>
				<description_en>triggers iCS auto hardware configuration</description_en>
				<description_de>löst iCS Autokonfiguration der Hardware aus</description_de>
			</item>
			<item name="Status.ethernetState" readable="true" writeable="false">
				<valid>
					<datatype>TEXT</datatype>
					<min/>
					<max/>
					<enum>
						<value>disabled</value>
						<value>ok</value>
						<value>error</value>
					</enum>
					<units/>
				</valid>
				<description_en>Shows the status of the remote Ethernet port.</description_en>
				<description_de>Zeigt den Status des Ethernet Ports an.</description_de>
			</item>
			<item name="Status.wifiState" readable="true" writeable="false">
				<valid>
					<datatype>TEXT</datatype>
					<min/>
					<max/>
					<enum/>
					<units/>
				</valid>
				<description_en>Shows the status of Wifi connection.</description_en>
				<description_de>Zeit den Zustand der WLAN-Verbindung an.</description_de>
			</item>
			<item name="Status.usbRemoteState" readable="true" writeable="false">
				<valid>
					<datatype>TEXT</datatype>
					<min/>
					<max/>
					<enum>
						<value>off</value>
						<value>ok</value>
						<value>error</value>
					</enum>
					<units/>
				</valid>
				<description_en>Shows the status of the remote USB port.</description_en>
				<description_de>Zeigt den Status des Remote-USB-Ports an.</description_de>
			</item>
			<item name="Status.usbRemoteText" readable="true" writeable="false">
				<valid>
					<datatype>TEXT</datatype>
					<min/>
					<max/>
					<enum>
						<value>connected</value>
						<value>not connected</value>
					</enum>
					<units/>
				</valid>
				<description_en>Shows the status of the remote USB port.</description_en>
				<description_de>Zeigt den Status des Remote-USB-Ports an.</description_de>
			</item>
			<item name="Status.usbAuxState" readable="true" writeable="false">
				<valid>
					<datatype>TEXT</datatype>
					<min/>
					<max/>
					<enum>
						<value>disabled</value>
						<value>ok</value>
						<value>error</value>
					</enum>
					<units/>
				</valid>
				<description_en>Shows the status of flash memory connected to an AUX USB port.</description_en>
				<description_de>Zeigt den Status eines an einem AUX Port angeschlossenen Datenspeichers an.</description_de>
			</item>
			<item name="Status.usbAuxText" readable="true" writeable="false">
				<valid>
					<datatype>INT</datatype>
					<min>0</min>
					<max/>
					<enum>
						<value>connected</value>
						<value>not connected</value>
					</enum>
					<units/>
				</valid>
				<description_en>Shows the free and total memory of flash memory connected to an AUX USB port.</description_en>
				<description_de>Zeigt den freien und den gesamten Speicher eines an einem AUX Port angeschlossenen Datenspeichers an.</description_de>
			</item>
			<item name="Status.canState" readable="true" writeable="false">
				<valid>
					<datatype>TEXT</datatype>
					<min/>
					<max/>
					<enum>
						<value>disabled</value>
						<value>ok</value>
						<value>error</value>
					</enum>
					<units/>
				</valid>
				<description_en>Shows the status of CAN bus.</description_en>
				<description_de>Zeigt den Status der CAN-Bus an.</description_de>
			</item>
			<item name="Status.canText" readable="true" writeable="false">
				<valid>
					<datatype>INT</datatype>
					<min>0</min>
					<max/>
					<enum>
					<value>connected</value>
					<value>bus_light</value>
					<value>bus_heavy</value>
					<value>bus_off</value>
					<value>stopped</value>
					<value>sleeping</value>
					<value>seriously_error</value>
					</enum>
					<units/>
				</valid>
				<description_en>Shows a text information about the state of CAN bus.</description_en>
				<description_de>Zeigt eine Textinformation über den Zustand vom CAN-Bus an.</description_de>
			</item>
		</system>
	</items>
</iCS>
